,NAME,URL,NUMBER OF COURSES
232,"GIS, Mapping, and Spatial Analysis",https://www.coursera.org/specializations/gis-mapping-spatial-analysis,0
9,Key Technologies for Business,https://www.coursera.org/specializations/key-technologies-for-business,3
14,IBM AI Foundations for Business,https://www.coursera.org/specializations/ibm-ai-foundations-for-business,3
15,Data Analysis and Visualization Foundations,https://www.coursera.org/specializations/data-analysis-visualization-foundations,3
50,Networking in Google Cloud,https://www.coursera.org/specializations/networking-google-cloud-platform,3
60,Modern Application Development with Node.js on AWS,https://www.coursera.org/specializations/aws-nodejs-serverless-development,3
64,Modern Application Development with .NET on AWS,https://www.coursera.org/specializations/aws-net-serverless-development,3
76,Generative Adversarial Networks (GANs),https://www.coursera.org/specializations/generative-adversarial-networks-gans,3
80,Practical Data Science,https://www.coursera.org/specializations/practical-data-science,3
81,Security Analyst Fundamentals,https://www.coursera.org/specializations/security-analyst-fundamentals,3
83,AI Foundations for Everyone,https://www.coursera.org/specializations/ai-foundations-for-everyone,3
84,Accelerated Computer Science Fundamentals,https://www.coursera.org/specializations/cs-fundamentals,3
103,MATLAB Programming for Engineers and Scientists,https://www.coursera.org/specializations/matlab-programming-engineers-scientists,3
105,Mathematics for Machine Learning,https://www.coursera.org/specializations/mathematics-machine-learning,3
124,Excel Skills for Data Analytics and Visualization,https://www.coursera.org/specializations/excel-data-analytics-visualization,3
129,AI for Medicine,https://www.coursera.org/specializations/ai-for-medicine,3
142,"NoSQL, Big Data, and Spark Foundations",https://www.coursera.org/specializations/nosql-big-data-and-spark-foundations,3
148,Data Structures and Algorithms,https://www.coursera.org/specializations/boulder-data-structures-algorithms,3
149,Developing APIs with Google Cloud's Apigee API Platform,https://www.coursera.org/specializations/apigee-api-gcp,3
163,Everyday Excel,https://www.coursera.org/specializations/everyday-excel,3
169,Introduction to Computer Science and Programming,https://www.coursera.org/specializations/introduction-computer-science-programming,3
172,Full-Stack Web Development with React,https://www.coursera.org/specializations/full-stack-react,3
184,Transforming the Fashion Business,https://www.coursera.org/specializations/transforming-fashion-business,3
197,Probabilistic Graphical Models,https://www.coursera.org/specializations/probabilistic-graphical-models,3
199,Full Stack Web Development with Angular,https://www.coursera.org/specializations/full-stack-mobile-app-development,3
200,IELTS Preparation,https://www.coursera.org/specializations/ielts-preparation,3
202,"Food Sustainability, Mindful Eating, and Healthy Cooking",https://www.coursera.org/specializations/food-sustainability-mindful-eating-healthy-cooking,3
205,Programming with Google Go,https://www.coursera.org/specializations/google-golang,3
218,Engineering Project Management,https://www.coursera.org/specializations/engineering-project-management,3
219,Excel/VBA for Creative Problem Solving,https://www.coursera.org/specializations/excel-vba-creative-problem-solving,3
234,Statistics with Python,https://www.coursera.org/specializations/statistics-with-python,3
240,Optical Engineering,https://www.coursera.org/specializations/optical-engineering,3
244,Introduction to Cybersecurity & Risk Management,https://www.coursera.org/specializations/information-security,3
250,Cancer Biology,https://www.coursera.org/specializations/cancer-biology,3
252,Drug Development Product Management,https://www.coursera.org/specializations/drug-development-product-management,3
261,Quantitative Finance,https://www.coursera.org/specializations/quantitative-finance,3
266,Statistical Inference for Data Science Applications,https://www.coursera.org/specializations/statistical-inference-for-data-science-applications,3
269,Omnichannel Retail Strategy,https://www.coursera.org/specializations/wharton-retail-strategy,3
272,Modern Big Data Analysis with SQL,https://www.coursera.org/specializations/cloudera-big-data-analysis-sql,3
273,Linux and Private Cloud Administration on IBM Power Systems,https://www.coursera.org/specializations/linux-private-cloud-administration-power-systems,3
275,Digital Transformation Using AI/ML with Google Cloud,https://www.coursera.org/specializations/digital-transformation-using-ai-ml-with-google-cloud,3
285,Algebra: Elementary to Advanced,https://www.coursera.org/specializations/algebra-elementary-to-advanced,3
296,TOEFL Preparation,https://www.coursera.org/specializations/toefl-preparation,3
299,TensorFlow 2 for Deep Learning,https://www.coursera.org/specializations/tensorflow2-deeplearning,3
301,Introduction to Financial Accounting: The Accounting Cycle,https://www.coursera.org/specializations/accounting,3
303,Machine Learning for Trading,https://www.coursera.org/specializations/machine-learning-trading,3
311,Qualitative Research Design and Methods for Public Health,https://www.coursera.org/specializations/qualitative-research-design-and-methods-for-public-health,3
314,Data Science with Databricks for Data Analysts,https://www.coursera.org/specializations/data-science-with-databricks-for-data-analysts,3
318,Extended Reality for Everybody,https://www.coursera.org/specializations/extended-reality-for-everybody,3
335,SAS Advanced Programmer,https://www.coursera.org/professional-certificates/sas-advanced-programmer,3
338,IBM z/OS Mainframe Practitioner,https://www.coursera.org/professional-certificates/ibm-z-mainframe,3
347,Machine Learning Rock Star – the End-to-End Practice,https://www.coursera.org/specializations/machine-learning-for-everyone,3
348,Fundamentos del Análisis y Visualización de Datos,https://www.coursera.org/specializations/fundamentos-del-analisis-y-visualizacion-de-datos,3
352,Managing Google Cloud's Apigee API Platform for Hybrid Cloud,https://www.coursera.org/specializations/managing-apigee-api-platform-for-hybrid-cloud,3
356,Statistical Modeling for Data Science Applications,https://www.coursera.org/specializations/statistical-modeling-for-data-science-applications,3
369,Unity XR: How to Build AR and VR Apps,https://www.coursera.org/specializations/unity-xr,3
374,Installing and Managing Google Cloud’s Apigee API Platform for Private Cloud,https://www.coursera.org/specializations/apigee-api-gcp-onprem,3
377,"Parallel, Concurrent, and Distributed Programming in Java",https://www.coursera.org/specializations/pcdp,3
382,Health Systems Development,https://www.coursera.org/specializations/health-systems-development,3
383,E-Marketing,https://www.coursera.org/specializations/emarketing,3
391,Introduction to Public Relations and the Media,https://www.coursera.org/specializations/introduction-to-public-relations-and-the-media,3
394,Developing Industrial Internet of Things,https://www.coursera.org/specializations/developing-industrial-iot,3
395,Digitalisation in Aeronautics and Space,https://www.coursera.org/specializations/aerospace,3
398,"Solar Energy for Engineers, Architects and Code Inspectors",https://www.coursera.org/specializations/solar-energy,3
405,Managing Major Engineering Projects,https://www.coursera.org/specializations/managing-major-engineering-projects,3
412,Epidemiology for Public Health,https://www.coursera.org/specializations/public-health-epidemiology,3
413,ICPM Certified Supervisor,https://www.coursera.org/professional-certificates/icpm-certified-supervisor,3
414,Learn English: Beginning Grammar,https://www.coursera.org/specializations/learn-english-beginning-grammar,3
417,The Influence of Social Determinants on Health,https://www.coursera.org/specializations/social-determinants-on-health,3
418,Computer Forensics,https://www.coursera.org/specializations/computerforensics,3
428,Infectious Disease Modelling,https://www.coursera.org/specializations/infectious-disease-modelling,3
436,Abnormal Psychology,https://www.coursera.org/specializations/abnormal-psychology,3
443,Basics in computer vision,https://www.coursera.org/specializations/basics-in-computer-vision,3
444,Fundamentos de IA para Todos,https://www.coursera.org/specializations/fundamentos-de-ia-para-todos,3
446,Creativity and A.I.,https://www.coursera.org/specializations/creativity-ai,3
447,Cyber Incident Response,https://www.coursera.org/specializations/cyber-incident-response,3
450,Serverless Data Processing with Dataflow,https://www.coursera.org/specializations/serverless-data-processing-with-dataflow,3
454,Global Health Innovations,https://www.coursera.org/specializations/global-health-innovations,3
459,Digital Marketing Strategy and Planning,https://www.coursera.org/specializations/digital-marketing-strategy-planning,3
461,Global Disease Masterclass,https://www.coursera.org/specializations/gmph-global-disease-masterclass,3
467,Leading Sustainable Community Transformation,https://www.coursera.org/specializations/sustainable-transformation,3
477,Precalculus through Data and Modelling,https://www.coursera.org/specializations/precalculus-data-modelling,3
478,Excel Skills for Business Forecasting,https://www.coursera.org/specializations/excel-skills-for-business-forecasting,3
479,Architecting Hybrid Cloud Infrastructure with Anthos,https://www.coursera.org/specializations/architecting-hybrid-cloud-infrastructure-anthos,3
483,"Globalización, Crecimiento Económico y Estabilidad",https://www.coursera.org/specializations/globalizacion-crecimiento-economico-y-estabilidad,3
488,SAS Statistical Business Analyst,https://www.coursera.org/professional-certificates/sas-statistical-business-analyst,3
489,Leadership Development for Engineers,https://www.coursera.org/specializations/leadership-development-engineers,3
490,Data-Driven Decision Making (DDDM),https://www.coursera.org/specializations/data-driven-decision-making,3
491,Introduction to Computer Information Systems,https://www.coursera.org/specializations/introduction-computer-infosystems,3
493,Animals and Society,https://www.coursera.org/specializations/animals-society,3
495,Climate Change and Health: From Science to Action,https://www.coursera.org/specializations/climate-change-and-health,3
496,Introduction to Blockchain,https://www.coursera.org/specializations/introduction-to-blockchain,3
500,Active Optical Devices,https://www.coursera.org/specializations/active-optical-devices,3
501,Data Mining Foundations and Practice,https://www.coursera.org/specializations/data-mining-foundations-practice,3
507,Exploring Piano Literature: The Piano Sonata,https://www.coursera.org/specializations/exploring-piano-literature,3
509,European Business Law,https://www.coursera.org/specializations/european-business-law,3
510,Digital Health,https://www.coursera.org/specializations/digitalhealth,3
511,"Globalization, Economic Growth and Stability",https://www.coursera.org/specializations/globalization-economic-growth-and-stability,3
523,Embedded Interface Design,https://www.coursera.org/specializations/embedded-interface-design,3
524,Semiconductor Devices,https://www.coursera.org/specializations/semiconductor-devices,3
534,Communication Skills for Engineers,https://www.coursera.org/specializations/leadership-communication-engineers,3
535,Journey of the Universe: A Story for Our Times,https://www.coursera.org/specializations/journey-of-the-universe,3
537,Leadership for Public Health Crises,https://www.coursera.org/specializations/leadership-public-health-crises,3
538,Legal Aspects of Entrepreneurship,https://www.coursera.org/specializations/legal-aspects-of-entrepreneurship,3
540,"Arctic Climate, Environ. & Geographies of a Changing North",https://www.coursera.org/specializations/arctic-climate-environment-geographies,3
543,Leadership and Negotiation Skills,https://www.coursera.org/specializations/leadership-negotiation-skills,3
545,Leadership and Critical Thinking,https://www.coursera.org/specializations/leadership-critical-thinking,3
550,Social Entrepreneurship,https://www.coursera.org/specializations/social-entrepreneurship-cbs,3
556,"Coding for Designers, Managers, and Entrepreneurs",https://www.coursera.org/specializations/coding-for-managers,3
561,Introduction to Computational Statistics for Data Scientists,https://www.coursera.org/specializations/compstats,3
564,Introduction to Business,https://www.coursera.org/specializations/business-introduction,3
565,Exploring Our Responses to Climate Change,https://www.coursera.org/specializations/our-responses-climate-change,3
570,Hands-on Machine Learning with Google Cloud Labs,https://www.coursera.org/specializations/hands-on-machine-learning,3
575,Introduction to Mechanics,https://www.coursera.org/specializations/introduction-to-mechanics,3
583,Applied Digital Literacy,https://www.coursera.org/specializations/applied-digital-literacy,3
588,Fandom and Popular Culture in the Digital Age,https://www.coursera.org/specializations/fandom-popular-culture-digital-age,3
592,Leading a Family Business,https://www.coursera.org/specializations/leading-family-business,3
596,Alibaba Cloud Computing,https://www.coursera.org/specializations/alibabacloud,3
604,Caring for Others,https://www.coursera.org/specializations/caring-for-others,3
605,Essential English for University Success,https://www.coursera.org/specializations/essential-english-for-university-success,3
608,Java as a Second Language,https://www.coursera.org/specializations/java-programming-language,3
612,Online Learning Design for Educators,https://www.coursera.org/specializations/online-learning-design-educators,3
618,Digital Technologies and the Future of Manufacturing,https://www.coursera.org/specializations/digital-technologies-future-of-manufacturing,3
620,AI Product Management,https://www.coursera.org/specializations/ai-product-management-duke,3
621,Participatory Approaches in Public Health,https://www.coursera.org/specializations/participatory-approaches-public-health,3
630,Cybersecurity Leadership and Management,https://www.coursera.org/specializations/cybersecurity-leadership,3
3,Google UX Design,https://www.coursera.org/professional-certificates/google-ux-design,4
7,Introduction to Data Science,https://www.coursera.org/specializations/introduction-data-science,4
17,Python for Everybody,https://www.coursera.org/specializations/python,4
20,IT Fundamentals for Cybersecurity,https://www.coursera.org/specializations/it-fundamentals-cybersecurity,4
24,Machine Learning Engineering for Production (MLOps),https://www.coursera.org/specializations/machine-learning-engineering-for-production-mlops,4
25,DeepLearning.AI TensorFlow Developer,https://www.coursera.org/professional-certificates/tensorflow-in-practice,4
26,Finance & Quantitative Modeling for Analysts,https://www.coursera.org/specializations/finance-quantitative-modeling-analysts,4
27,Introduction to Finance and Accounting,https://www.coursera.org/specializations/finance-accounting,4
28,Leading the Modern Day Business,https://www.coursera.org/specializations/leading-modern-day-business,4
32,Learn SQL Basics for Data Science,https://www.coursera.org/specializations/learn-sql-basics-data-science,4
33,Natural Language Processing,https://www.coursera.org/specializations/natural-language-processing,4
38,Excel Skills for Business,https://www.coursera.org/specializations/excel,4
41,Cloud Application Development Foundations,https://www.coursera.org/specializations/ibm-cloud-application-development-foundations,4
42,Fintech: Foundations & Applications of Financial Technology,https://www.coursera.org/specializations/wharton-fintech,4
45,Improve Your English Communication Skills,https://www.coursera.org/specializations/improve-english,4
46,Modern and Contemporary Art and Design,https://www.coursera.org/specializations/modern-contemporary-art-design,4
48,Preparing for Google Cloud Certification: Cloud Network Engineer,https://www.coursera.org/professional-certificates/google-cloud-networking,4
49,AWS Fundamentals,https://www.coursera.org/specializations/aws-fundamentals,4
51,Security in Google Cloud,https://www.coursera.org/specializations/security-google-cloud-platform,4
52,Architecting with Google Kubernetes Engine,https://www.coursera.org/specializations/architecting-google-kubernetes-engine,4
56,Modern Application Development with Python on AWS,https://www.coursera.org/specializations/aws-python-serverless-development,4
57,Developing Applications with Google Cloud,https://www.coursera.org/specializations/developing-apps-gcp,4
58,Modern Application Development with Java on AWS,https://www.coursera.org/specializations/aws-java-serverless-development,4
62,Algorithms,https://www.coursera.org/specializations/algorithms,4
63,Intuit Bookkeeping,https://www.coursera.org/professional-certificates/intuit-bookkeeping,4
69,Agile Development,https://www.coursera.org/specializations/agile-development,4
74,TensorFlow: Advanced Techniques,https://www.coursera.org/specializations/tensorflow-advanced-techniques,4
77,Reinforcement Learning,https://www.coursera.org/specializations/reinforcement-learning,4
78,IBM Introduction to Machine Learning,https://www.coursera.org/specializations/ibm-intro-machine-learning,4
86,"TESOL Certificate, Part 1: Teach English Now!",https://www.coursera.org/specializations/tesol,4
87,Blockchain Revolution,https://www.coursera.org/specializations/blockchain-revolution-enterprise,4
91,Introduction to Programming with Python and Java,https://www.coursera.org/specializations/programming-python-java,4
92,Achieving Personal and Professional Success,https://www.coursera.org/specializations/wharton-success,4
93,The Business of Health Care,https://www.coursera.org/specializations/healthcare-administration-management,4
94,Blockchain,https://www.coursera.org/specializations/blockchain,4
96,The Business of Music Production,https://www.coursera.org/specializations/business-music-production,4
97,Regulatory Compliance,https://www.coursera.org/specializations/regulatory-compliance,4
102,The DIY Musician,https://www.coursera.org/specializations/diy-musician,4
104,Music Production,https://www.coursera.org/specializations/music-production,4
106,Financial Technology (Fintech) Innovations,https://www.coursera.org/specializations/financialtechnology,4
107,Blockchain Revolution in Financial Services,https://www.coursera.org/specializations/blockchain-financial-services,4
108,Six Sigma Yellow Belt,https://www.coursera.org/specializations/six-sigma-fundamentals,4
115,UI / UX Design,https://www.coursera.org/specializations/ui-ux-design,4
117,Project Management Principles and Practices,https://www.coursera.org/specializations/project-management,4
119,The Singer Songwriter,https://www.coursera.org/specializations/singer-songwriter,4
120,Pricing Strategy Optimization,https://www.coursera.org/specializations/uva-darden-bcg-pricing-strategy,4
121,Self-Driving Cars,https://www.coursera.org/specializations/self-driving-cars,4
122,Scrum Master Certification,https://www.coursera.org/specializations/learnquest-certified-scrum-master,4
123,Investment Management with Python and Machine Learning,https://www.coursera.org/specializations/investment-management-python-machine-learning,4
126,Music Education for Teachers,https://www.coursera.org/specializations/music-education,4
127,Advanced Data Science with IBM,https://www.coursera.org/specializations/advanced-data-science-ibm,4
130,Think like a CFO,https://www.coursera.org/specializations/thinklikeacfo,4
132,"Influencing: Storytelling, Change Management and Governance",https://www.coursera.org/specializations/influencing-storytelling-change-management,4
133,Google Cloud Digital Leader Training,https://www.coursera.org/professional-certificates/google-cloud-digital-leader-training,4
137,Entrepreneurship: Growing Your Business,https://www.coursera.org/specializations/entrepreneurship-growing-your-business,4
143,Intellectual Property Law,https://www.coursera.org/specializations/introduction-intellectual-property,4
145,Microsoft Azure Fundamentals AZ-900 Exam Prep,https://www.coursera.org/specializations/microsoft-azure-fundamentals-az-900,4
147,Good with Words: Writing and Editing,https://www.coursera.org/specializations/good-with-words,4
150,Neuroscience and Neuroimaging,https://www.coursera.org/specializations/computational-neuroscience,4
151,Coding for Everyone: C and C++,https://www.coursera.org/specializations/coding-for-everyone,4
152,Object Oriented Programming in Java,https://www.coursera.org/specializations/object-oriented-programming,4
153,Branding: The Creative Journey,https://www.coursera.org/specializations/branding-the-creative-journey,4
157,Salesforce Sales Operations,https://www.coursera.org/professional-certificates/salesforce-sales-operations,4
158,Real-World Product Management,https://www.coursera.org/specializations/real-world-product-management,4
159,PostgreSQL for Everybody,https://www.coursera.org/specializations/postgresql-for-everybody,4
161,Anatomy,https://www.coursera.org/specializations/anatomy,4
162,SAS Programmer,https://www.coursera.org/professional-certificates/sas-programming,4
164,Electronic Music Production,https://www.coursera.org/specializations/electronic-music-production,4
165,Introduction to Cyber Security,https://www.coursera.org/specializations/intro-cyber-security,4
168,The Pronunciation of American English,https://www.coursera.org/specializations/american-english-pronunciation,4
170,Music Business,https://www.coursera.org/specializations/music-business,4
171,"TESOL Certificate, Part 2: Teach English Now!",https://www.coursera.org/specializations/tesol-certificate-2,4
174,How to Play Guitar,https://www.coursera.org/specializations/play-guitar,4
176,Inspired Leadership,https://www.coursera.org/specializations/inspired-leadership,4
179,"Effective Communication: Writing, Design, and Presentation",https://www.coursera.org/specializations/effective-business-communication,4
180,Conflict Management,https://www.coursera.org/specializations/conflict-management,4
181,"Songwriting: Writing, Arranging, and Producing Music",https://www.coursera.org/specializations/songwriting,4
186,Web Applications for Everybody,https://www.coursera.org/specializations/web-applications,4
190,Software Design and Architecture,https://www.coursera.org/specializations/software-design-architecture,4
193,Statistical Analysis with R for Public Health,https://www.coursera.org/specializations/statistical-analysis-r-public-health,4
195,Market Research,https://www.coursera.org/specializations/market-research,4
201,Biostatistics in Public Health,https://www.coursera.org/specializations/biostatistics-public-health,4
203,Memoir and Personal Essay: Write About Yourself,https://www.coursera.org/specializations/memoir-personal-essay,4
206,Fundamentals of Immunology,https://www.coursera.org/specializations/immunology,4
207,The Art of Sales: Mastering the Selling Process,https://www.coursera.org/specializations/the-art-of-sales-mastering-the-selling-process,4
209,Healthcare Law,https://www.coursera.org/specializations/healthcare-law,4
212,Information Systems,https://www.coursera.org/specializations/information-systems,4
213,Developing Your Musicianship,https://www.coursera.org/specializations/musicianship-specialization,4
215,Entrepreneurial Finance: Strategy and Innovation,https://www.coursera.org/specializations/entrepreneurial-finance,4
216,Django for Everybody,https://www.coursera.org/specializations/django,4
217,Autodesk CAD/CAM/CAE for Mechanical Engineering,https://www.coursera.org/specializations/autodesk-cad-cam-cae-mechanical-engineering,4
220,Professional Skills for the Workplace,https://www.coursera.org/specializations/professional-skills-for-the-workplace,4
223,Foundational Finance for Strategic Decision Making,https://www.coursera.org/specializations/foundational-finance,4
224,Spacecraft Dynamics and Control,https://www.coursera.org/specializations/spacecraft-dynamics-control,4
227,"Presentation Skills: Speechwriting, Slides and Delivery",https://www.coursera.org/specializations/presentation-skills,4
228,Six Sigma Green Belt,https://www.coursera.org/specializations/six-sigma-green-belt,4
233,Core Java,https://www.coursera.org/specializations/core-java,4
235,Organizational Change and Culture for Adopting Google Cloud,https://www.coursera.org/specializations/organizational-change-and-culture-for-adopting-google-cloud,4
236,Advanced Statistics for Data Science,https://www.coursera.org/specializations/advanced-statistics-data-science,4
239,Dynamic Public Speaking,https://www.coursera.org/specializations/public-speaking,4
242,Introductory C Programming,https://www.coursera.org/specializations/c-programming,4
243,FinTech: Finance Industry Transformation and Regulation,https://www.coursera.org/specializations/fintech,4
245,Russian for beginners А1. Русский язык: A1,https://www.coursera.org/specializations/russian-for-beginners-a1,4
247,Power Electronics,https://www.coursera.org/specializations/power-electronics,4
254,Swift 5 iOS Application Developer,https://www.coursera.org/specializations/swift-5-ios-app-developer,4
255,FPGA Design for Embedded Systems,https://www.coursera.org/specializations/fpga-design,4
256,Learn English: Intermediate Grammar,https://www.coursera.org/specializations/intermediate-grammar,4
257,Strategic Management and Innovation,https://www.coursera.org/specializations/strategic-management,4
258,Quantum Computing: from Basics to the Cutting Edge,https://www.coursera.org/specializations/quantum-computing-from-basics-to-the-cutting-edge,4
260,Inspirational Leadership: Leading with Sense,https://www.coursera.org/specializations/inspirational-leadership,4
262,TensorFlow: Data and Deployment,https://www.coursera.org/specializations/tensorflow-data-and-deployment,4
263,Learn Chinese: HSK Test Preparation,https://www.coursera.org/specializations/hsk-learn-chinese,4
264,C# Programming for Unity Game Development,https://www.coursera.org/specializations/programming-unity-game-development,4
265,From Data to Insights with Google Cloud,https://www.coursera.org/specializations/from-data-to-insights-google-cloud-platform,4
268,Business Strategies for A Better World,https://www.coursera.org/specializations/wharton-global-business-strategy,4
270,Inspirational Leadership: Leading with Sense,https://www.coursera.org/specializations/inspirational-leadership,4
271,Practical Guide to Trading,https://www.coursera.org/specializations/financial-instruments-trading-investing,4
274,"Hotel Management: Distribution, Revenue and Demand Management",https://www.coursera.org/specializations/hotel-management,4
277,Foundations of Public Health Practice,https://www.coursera.org/specializations/foundations-public-health-practice,4
278,Software Testing and Automation,https://www.coursera.org/specializations/software-testing-automation,4
279,Digital Transformation in Financial Services,https://www.coursera.org/specializations/digital-transformation-financial-services,4
280,JavaScript for Beginners,https://www.coursera.org/specializations/javascript-beginner,4
284,Embedding Sensors and Motors,https://www.coursera.org/specializations/embedding-sensors-motors,4
286,Introducción a la Especialización en Ciencia de Datos,https://www.coursera.org/specializations/introduccion-a-la-especializacion-en-ciencia-de-datos,4
289,Salesforce Fundamentals,https://www.coursera.org/specializations/salesforce-fundamentals,4
290,Programming in C++: A Hands-on Introduction,https://www.coursera.org/specializations/hands-on-cpp,4
291,Integrative Nursing,https://www.coursera.org/specializations/integrative-nursing,4
292,Digital Signal Processing,https://www.coursera.org/specializations/digital-signal-processing,4
293,"Energy Production, Distribution & Safety",https://www.coursera.org/specializations/energy-industry,4
302,Become a Sustainable Business Change Agent,https://www.coursera.org/specializations/sustainable-business-change-agent,4
304,Machine Learning and Reinforcement Learning in Finance,https://www.coursera.org/specializations/machine-learning-reinforcement-finance,4
307,Accounting Data Analytics,https://www.coursera.org/specializations/accounting-data-analytics,4
309,Introduction to Logic and Critical Thinking,https://www.coursera.org/specializations/logic-critical-thinking-duke,4
310,Learn English,https://www.coursera.org/specializations/learn-english,4
312,Health Information Literacy for Data Analytics,https://www.coursera.org/specializations/healthcare-information-literacy-data-analytics,4
316,Fundamentos de Ciencia de Datos con Python y SQL,https://www.coursera.org/specializations/fundamentos-de-ciencia-de-datos-con-python-y-sql,4
317,Building Cloud Computing Solutions at Scale,https://www.coursera.org/specializations/building-cloud-computing-solutions-at-scale,4
319,Introduction to Scripting in Python,https://www.coursera.org/specializations/introduction-scripting-in-python,4
320,Mathematics for Data Science,https://www.coursera.org/specializations/mathematics-for-data-science,4
324,Inglés Empresarial,https://www.coursera.org/specializations/ingles-empresarial,4
326,Learn English: Advanced Grammar and Punctuation,https://www.coursera.org/specializations/advanced-grammar-punctuation,4
327,Competitive Strategy and Organization Design,https://www.coursera.org/specializations/competitive-strategy,4
328,"Negotiation, Mediation and Conflict Resolution",https://www.coursera.org/specializations/negotiation-mediation-conflict-resolution,4
329,Business English,https://www.coursera.org/specializations/english-for-business,4
330,Healthcare Organization Operations,https://www.coursera.org/specializations/healthcare-organization-operations,4
336,Autodesk CAD/CAM for Manufacturing,https://www.coursera.org/specializations/autodesk-cad-cam-manufacturing,4
337,Supply Chain Finance and Blockchain Technology,https://www.coursera.org/specializations/supply-chain-finance-and-blockchain-technology,4
343,Impacts of the Environment on Global Public Health,https://www.coursera.org/specializations/impacts-of-the-environment-on-global-public-health,4
345,School Health for Children and Adolescents,https://www.coursera.org/specializations/school-health-for-children-and-adolescents,4
353,Secure Coding Practices,https://www.coursera.org/specializations/secure-coding-practices,4
354,Vital Skills for Data Science,https://www.coursera.org/specializations/vital-skills-for-data-science,4
358,Real-Time Embedded Systems,https://www.coursera.org/specializations/real-time-embedded-systems,4
360,"Creatividad, diseño e innovación: Técnicas y herramientas",https://www.coursera.org/specializations/creatividad-diseno-innovacion,4
361,Introduction to Computer Programming with Visual Basic,https://www.coursera.org/specializations/visual-basic-computer-programming,4
363,Fundraising and Development,https://www.coursera.org/specializations/fundraising-development,4
364,English for Research Publication Purposes,https://www.coursera.org/specializations/english-for-research-publication-purposes,4
365,Social Media Marketing in Practice,https://www.coursera.org/specializations/social-media-marketing-practice,4
366,Learn Mandarin Chinese,https://www.coursera.org/specializations/learn-mandarin,4
367,Implementing RPA with Cognitive Automation and Analytics,https://www.coursera.org/specializations/rpa-cognitive-analytics,4
368,Computer Communications,https://www.coursera.org/specializations/computer-communications,4
372,Improving Leadership & Governance in Nonprofit Organizations,https://www.coursera.org/specializations/nonprofit,4
376,Graphic Design Elements for Non-Designers,https://www.coursera.org/specializations/graphic-design-elements-non-designers,4
379,Practical Data Science with MATLAB,https://www.coursera.org/specializations/practical-data-science-matlab,4
380,Python Scripting for DevOps,https://www.coursera.org/specializations/python-scripting-devops,4
384,Ciencia de Datos Aplicada,https://www.coursera.org/specializations/ciencia-de-datos-aplicada,4
385,Sales Training for High Performing Teams,https://www.coursera.org/specializations/sales-training-high-performing-teams,4
386,Medical Cannabis: The Health Effects of THC and CBD,https://www.coursera.org/specializations/health-effects-cannabis-thc-cbd,4
388,Healthcare IT Support,https://www.coursera.org/specializations/healthcare-it,4
389,Coaching Skills for Managers,https://www.coursera.org/specializations/coaching-skills-manager,4
390,Leading: Human Resource Management and Leadership,https://www.coursera.org/specializations/hr-management-leadership,4
392,Software Development Lifecycle,https://www.coursera.org/specializations/software-development-lifecycle,4
396,"Open Source Software Development, Linux and Git",https://www.coursera.org/specializations/oss-development-linux-git,4
397,Computer Security and Systems Management,https://www.coursera.org/specializations/computer-security-systems-management,4
401,Korean for Beginners,https://www.coursera.org/specializations/korean-for-beginners,4
406,Entrepreneurship: Launching an Innovative Business,https://www.coursera.org/specializations/business-entrepreneurship,4
408,Adapting: Career Development,https://www.coursera.org/specializations/adapting-career-development,4
411,Information Visualization,https://www.coursera.org/specializations/information-visualization,4
415,Plant Bioinformatic Methods,https://www.coursera.org/specializations/plant-bioinformatic-methods,4
416,Palo Alto Networks Cybersecurity,https://www.coursera.org/professional-certificates/palo-alto-networks-cybersecurity-fundamentals,4
419,Digital Advertising Strategy,https://www.coursera.org/specializations/digital-advertising-strategy,4
425,Mind and Machine,https://www.coursera.org/specializations/mind-machine,4
426,System Issues in Cloud Computing,https://www.coursera.org/specializations/cloud,4
427,Design of Experiments,https://www.coursera.org/specializations/design-experiments,4
429,Cybersecurity in the Cloud,https://www.coursera.org/specializations/cybersecurity-cloud,4
430,Analysing: Numeric and digital literacies,https://www.coursera.org/specializations/analysing-numeric-digital-literacies,4
432,User Interface Design,https://www.coursera.org/specializations/user-interface-design,4
433,Developing Applications with Google Cloud 日本語版,https://www.coursera.org/specializations/developing-apps-gcp-jp,4
434,Architecting with Google Kubernetes Engine 日本語版,https://www.coursera.org/specializations/architecting-google-kubernetes-engine-jp,4
435,Differential Calculus through Data and Modeling,https://www.coursera.org/specializations/differential-calculus-data-modeling,4
437,Career Brand Management,https://www.coursera.org/specializations/career-brand-management,4
438,Programming in Python: A Hands-on Introduction,https://www.coursera.org/specializations/hands-on-python,4
442,Strategising: Management for Global Competitive Advantage,https://www.coursera.org/specializations/strategic-management-competitive-advantage,4
449,Learn English: Advanced Academic Speaking and Listening,https://www.coursera.org/specializations/speaklistenenglish,4
451,Hands-on Internet of Things,https://www.coursera.org/specializations/uiuc-iot,4
452,Integral Calculus through Data and Modeling,https://www.coursera.org/specializations/integral-calculus-data-modeling,4
453,Esports,https://www.coursera.org/specializations/esports,4
455,Art for Games,https://www.coursera.org/specializations/art-for-games,4
456,Solving Complex Problems,https://www.coursera.org/specializations/solving-complex-problems,4
463,Introduction to Application Development,https://www.coursera.org/specializations/beginning-application-developer,4
464,Fintech Startups in Emerging Markets,https://www.coursera.org/specializations/fintech-startups-emerging-markets,4
473,International Business,https://www.coursera.org/specializations/international-business,4
474,Applied Cryptography,https://www.coursera.org/specializations/applied-crypto,4
475,Homeland Security and Cybersecurity,https://www.coursera.org/specializations/homeland-security-cybersecurity,4
476,Python Data Products for Predictive Analytics,https://www.coursera.org/specializations/python-data-products-for-predictive-analytics,4
480,Learn Mandarin Chinese: Intermediate,https://www.coursera.org/specializations/learn-mandarin-chinese-intermediate,4
481,El Músico Moderno,https://www.coursera.org/specializations/musico-moderno,4
482,Machine Learning for Supply Chains,https://www.coursera.org/specializations/machine-learning-supply-chain,4
484,iOS App Development with Swift,https://www.coursera.org/specializations/app-development,4
486,Development of Secure Embedded Systems,https://www.coursera.org/specializations/embedded-systems-security,4
487,Ethics in the Age of AI,https://www.coursera.org/specializations/ethics-in-ai,4
494,Hands-on Foundations for Data Science and Machine Learning with Google Cloud Labs,https://www.coursera.org/specializations/hands-on-data-science-machine-learning,4
499,Emerging Technologies: From Smartphones to IoT to Big Data,https://www.coursera.org/specializations/emerging-technologies,4
502,商务英语课程 Business English,https://www.coursera.org/specializations/shangwu-yingyu,4
505,ELL Success in the Content Classroom: Teacher Toolbox Series,https://www.coursera.org/specializations/ell-teaching,4
506,Healthcare Trends for Business Professionals,https://www.coursera.org/specializations/healthcare-trends-business-professionals,4
508,Architecting with Google Kubernetes Engine en Español,https://www.coursera.org/specializations/architecting-google-kubernetes-engine-es,4
512,Biology Everywhere,https://www.coursera.org/specializations/biology-everywhere,4
513,Startup Entrepreneurship,https://www.coursera.org/specializations/startup-entrepreneurship,4
514,Customer Experiences with Contact Center AI - Dialogflow ES,https://www.coursera.org/specializations/customer-experience-gcp,4
515,Introduction to Business Analytics and Information Economics,https://www.coursera.org/specializations/analytics-information,4
517,Customer Experiences with Contact Center AI - Dialogflow CX,https://www.coursera.org/specializations/customer-experiences-with-contact-center-ai-dialogflow-cx,4
518,Fundamentals of Computer Network Security,https://www.coursera.org/specializations/computer-network-security,4
519,Architecting with Google Kubernetes Engine en Français,https://www.coursera.org/specializations/architecting-google-kubernetes-engine-fr,4
521,Blockchain,https://www.coursera.org/specializations/uci-blockchain,4
525,Business Russian Communication,https://www.coursera.org/specializations/business-russian,4
526,O Músico Contemporâneo,https://www.coursera.org/specializations/musico-contmporaneo,4
527,AI for Scientific Research,https://www.coursera.org/specializations/artificial-intelligence-scientific-research,4
531,Introduction to Electricity and Magnetism,https://www.coursera.org/specializations/introduction-to-electricity-magnetism,4
536,Introduction to Applied Cryptography,https://www.coursera.org/specializations/introduction-applied-cryptography,4
546,Architecting with Google Kubernetes Engine en Portuguese,https://www.coursera.org/specializations/architecting-google-kubernetes-engine-br,4
547,Key Technologies in Data Analytics,https://www.coursera.org/specializations/key-technologies-data-analytics,4
548,Database systems,https://www.coursera.org/specializations/database-systems,4
549,Autodesk Generative Design for Manufacturing,https://www.coursera.org/specializations/autodesk-generative-design-manufacturing,4
551,Network Analytics for Business,https://www.coursera.org/specializations/network-analytics-for-business,4
552,Analytics for Decision Making,https://www.coursera.org/specializations/analytics-for-decision-making,4
553,Cybersecurity for Business,https://www.coursera.org/specializations/cyber-security-business,4
557,Google Workspace Administration 日本語版,https://www.coursera.org/specializations/g-suite-administration-jp,4
558,Programming in Java: A Hands-on Introduction,https://www.coursera.org/specializations/hands-on-java,4
559,Advanced System Security Design,https://www.coursera.org/specializations/advanced-system-security-design,4
562,Data Science at Scale,https://www.coursera.org/specializations/data-science,4
566,Secure Software Design,https://www.coursera.org/specializations/secure-software-design,4
567,Machine Learning: Algorithms in the Real World,https://www.coursera.org/specializations/machine-learning-algorithms-real-world,4
568,Professional IQ: Preventing and Solving Problems at Work,https://www.coursera.org/specializations/professional-iq,4
569,Connected Planning for Business Transformation,https://www.coursera.org/specializations/anaplan-connected-planning-business-transformation,4
571,Good with Words: Speaking and Presenting,https://www.coursera.org/specializations/good-with-words-speaking-and-presenting,4
572,Innovation and entrepreneurship,https://www.coursera.org/specializations/innovation-entrepreneurship,4
573,JavaScript Security,https://www.coursera.org/specializations/javascript-security,4
577,Cybersecurity: Developing a Program for Your Business,https://www.coursera.org/specializations/cybersecurity-developing-program-for-business,4
578,Doing Business in China,https://www.coursera.org/specializations/doing-business-in-china,4
581,Electrodynamics,https://www.coursera.org/specializations/electrodynamics,4
582,Teach English: Intermediate Grammar,https://www.coursera.org/specializations/teach-english,4
585,Test-Driven Development,https://www.coursera.org/specializations/test-driven-development,4
586,Computational Thinking with Beginning C Programming,https://www.coursera.org/specializations/computational-thinking-c-programming,4
589,Spring Framework,https://www.coursera.org/specializations/spring-framework,4
590,Digital Business,https://www.coursera.org/specializations/digital-business,4
597,Blockchain Para a Empresa,https://www.coursera.org/specializations/blockchain-para-a-empresa,4
599,Marketing Channel Strategy & B2B2C Routes to Market,https://www.coursera.org/specializations/marketingchannelstrategy,4
600,Strategic Business Analytics,https://www.coursera.org/specializations/strategic-analytics,4
609,Data Science Fundamentals,https://www.coursera.org/specializations/data-science-fundamentals,4
610,Advanced App Development in Android,https://www.coursera.org/specializations/advanced-app-android,4
613,Oracle SQL Databases,https://www.coursera.org/specializations/oracle-sql-databases,4
619,Scale Up Your Startup,https://www.coursera.org/specializations/scaleup-specialization,4
625,From Data to Insights with Google Cloud 日本語版,https://www.coursera.org/specializations/from-data-to-insights-google-cloud-platform-jp,4
627,Musician’s Professional Toolbox: Your Portfolio Career,https://www.coursera.org/specializations/music-career-toolbox-managing-your-portfolio-career,4
4,Google IT Support,https://www.coursera.org/professional-certificates/google-it-support,5
6,Deep Learning,https://www.coursera.org/specializations/deep-learning,5
8,Data Science Fundamentals with Python and SQL,https://www.coursera.org/specializations/data-science-fundamentals-python-sql,5
10,Applied Data Science,https://www.coursera.org/specializations/applied-data-science,5
13,Data Engineering Foundations,https://www.coursera.org/specializations/data-engineering-foundations,5
29,Business Analytics,https://www.coursera.org/specializations/business-analytics,5
30,Business and Financial Modeling,https://www.coursera.org/specializations/wharton-business-financial-modeling,5
31,Digital Product Management,https://www.coursera.org/specializations/uva-darden-digital-product-management,5
39,Architecting with Google Compute Engine,https://www.coursera.org/specializations/gcp-architecture,5
43,Foundations of Positive Psychology,https://www.coursera.org/specializations/positivepsychology,5
53,Preparing for Google Cloud Certification: Cloud DevOps Engineer,https://www.coursera.org/professional-certificates/sre-devops-engineer-google-cloud,5
54,Data Science: Foundations using R,https://www.coursera.org/specializations/data-science-foundations-r,5
61,Applied Data Science with Python,https://www.coursera.org/specializations/data-science-python,5
65,AI in Healthcare,https://www.coursera.org/specializations/ai-healthcare,5
67,"Data Engineering, Big Data, and Machine Learning on GCP",https://www.coursera.org/specializations/gcp-data-machine-learning,5
70,Entrepreneurship,https://www.coursera.org/specializations/wharton-entrepreneurship,5
71,Data Analysis and Presentation Skills: the PwC Approach,https://www.coursera.org/specializations/pwc-analytics,5
72,Graphic Design,https://www.coursera.org/specializations/graphic-design,5
75,Business Strategy,https://www.coursera.org/specializations/business-strategy,5
79,Methods and Statistics in Social Sciences,https://www.coursera.org/specializations/social-science,5
85,Python 3 Programming,https://www.coursera.org/specializations/python-3-programming,5
88,Java Programming and Software Engineering Fundamentals,https://www.coursera.org/specializations/java-programming,5
95,Supply Chain Management,https://www.coursera.org/specializations/supply-chain-management,5
98,Search Engine Optimization (SEO),https://www.coursera.org/specializations/seo,5
99,Human Resource Management: HR for People Managers,https://www.coursera.org/specializations/human-resource-management,5
100,Data Visualization with Tableau,https://www.coursera.org/specializations/data-visualization,5
101,Construction Management,https://www.coursera.org/specializations/construction-management,5
109,Introduction to Discrete Mathematics for Computer Science,https://www.coursera.org/specializations/discrete-mathematics,5
111,Machine Learning with TensorFlow on Google Cloud,https://www.coursera.org/specializations/machine-learning-tensorflow-gcp,5
112,Project Management & Other Tools for Career Development,https://www.coursera.org/specializations/project-management-success,5
113,Algorithms for Battery Management Systems,https://www.coursera.org/specializations/algorithms-for-battery-management-systems,5
114,Web Design for Everybody: Basics of Web Development & Coding,https://www.coursera.org/specializations/web-design,5
116,Academic English: Writing,https://www.coursera.org/specializations/academic-english,5
118,Foundations of Management,https://www.coursera.org/specializations/foundations-management,5
125,Statistics with R,https://www.coursera.org/specializations/statistics,5
128,Creative Writing,https://www.coursera.org/specializations/creative-writing,5
131,Leading People and Teams,https://www.coursera.org/specializations/leading-teams,5
134,Geographic Information Systems (GIS),https://www.coursera.org/specializations/gis,5
136,Financial Engineering and Risk Management,https://www.coursera.org/specializations/financialengineering,5
138,Fundamentals of Accounting,https://www.coursera.org/specializations/accounting-fundamentals,5
139,Executive Data Science,https://www.coursera.org/specializations/executive-data-science,5
140,Applied Data Science with R,https://www.coursera.org/specializations/applied-data-science-r,5
141,Sports Performance Analytics,https://www.coursera.org/specializations/sports-analytics,5
146,Integrative Health and Medicine,https://www.coursera.org/specializations/integrative-health-and-medicine,5
154,Software Product Management,https://www.coursera.org/specializations/product-management,5
155,Supply Chain Analytics,https://www.coursera.org/specializations/supply-chain-analytics,5
160,Excel to MySQL: Analytic Techniques for Business,https://www.coursera.org/specializations/excel-mysql,5
167,Functional Programming in Scala,https://www.coursera.org/specializations/scala,5
173,U.S. Federal Taxation,https://www.coursera.org/specializations/united-states-federal-taxation,5
175,Business Statistics and Analysis,https://www.coursera.org/specializations/business-statistics-analysis,5
178,Cybersecurity,https://www.coursera.org/specializations/cyber-security,5
185,Investment Management,https://www.coursera.org/specializations/investment-management,5
188,Soporte de Tecnologías de la Información de Google,https://www.coursera.org/professional-certificates/soporte-de-tecnologias-de-informacion-google,5
189,Learn Spanish: Basic Spanish Vocabulary,https://www.coursera.org/specializations/learn-spanish,5
191,Salesforce Sales Development Representative,https://www.coursera.org/professional-certificates/sales-development-representative,5
192,Google Workspace Administration,https://www.coursera.org/specializations/g-suite-administration,5
194,Futures Thinking,https://www.coursera.org/specializations/futures-thinking,5
198,Epidemiology in Public Health Practice,https://www.coursera.org/specializations/professional-epidemiology,5
204,Android App Development,https://www.coursera.org/specializations/android-app-development,5
208,Advanced Machine Learning on Google Cloud,https://www.coursera.org/specializations/advanced-machine-learning-tensorflow-gcp,5
210,Business English Communication Skills,https://www.coursera.org/specializations/business-english,5
214,Photography Basics and Beyond: From Smartphone to DSLR,https://www.coursera.org/specializations/photography-basics,5
221,Managing Cybersecurity,https://www.coursera.org/specializations/managing-cybersecurity,5
230,Microsoft Azure Data Fundamentals DP-900 Exam Prep,https://www.coursera.org/specializations/microsoft-azure-dp-900-data-fundamentals,5
231,Investment and Portfolio Management,https://www.coursera.org/specializations/investment-portolio-management,5
237,Marketing Mix Implementation,https://www.coursera.org/specializations/marketing-mix,5
241,Game Design: Art and Concepts,https://www.coursera.org/specializations/game-design,5
248,Become a Journalist: Report the News!,https://www.coursera.org/specializations/become-a-journalist,5
249,Computational Social Science,https://www.coursera.org/specializations/computational-social-science-ucdavis,5
251,Gender Analytics: Gender Equity through Inclusive Design,https://www.coursera.org/specializations/gender-analytics,5
276,Culture-Driven Team Building,https://www.coursera.org/specializations/team-building,5
282,Game Design and Development with Unity 2020,https://www.coursera.org/specializations/game-design-and-development,5
283,Data Warehousing for Business Intelligence,https://www.coursera.org/specializations/data-warehousing,5
287,Marketing Strategy,https://www.coursera.org/specializations/marketing-strategy,5
288,Financial Reporting,https://www.coursera.org/specializations/financial-reporting,5
294,Health Informatics,https://www.coursera.org/specializations/health-informatics,5
297,Content Strategy for Professionals,https://www.coursera.org/specializations/content-strategy,5
300,Mastering Software Development in R,https://www.coursera.org/specializations/r,5
305,Virtual Teacher,https://www.coursera.org/specializations/virtual-teacher,5
306,SAS Visual Business Analytics,https://www.coursera.org/professional-certificates/sas-visual-business-analytics,5
308,Palliative Care Always,https://www.coursera.org/specializations/palliative-care-always,5
313,Object Oriented Java Programming: Data Structures and Beyond,https://www.coursera.org/specializations/java-object-oriented,5
321,Data Science: Statistics and Machine Learning,https://www.coursera.org/specializations/data-science-statistics-machine-learning,5
323,Data Visualization & Dashboarding with R,https://www.coursera.org/specializations/jhu-data-visualization-dashboarding-with-r,5
325,Marketing con Redes Sociales,https://www.coursera.org/specializations/marketing-redes-sociales,5
339,Architecting with Google Compute Engine 日本語版,https://www.coursera.org/specializations/gcp-architecture-jp,5
342,Advanced Business Analytics,https://www.coursera.org/specializations/data-analytics-business,5
344,Trading Strategies in Emerging Markets,https://www.coursera.org/specializations/trading-strategy,5
346,Social Policy for Social Services & Health Practitioners,https://www.coursera.org/specializations/social-welfare-policy,5
350,Financial Markets and Investment Strategy,https://www.coursera.org/specializations/investment-strategy,5
351,CAD and Digital Manufacturing,https://www.coursera.org/specializations/cad-design-digital-manufacturing,5
355,商务基础 (中文版),https://www.coursera.org/specializations/wharton-shangwu-jichu,5
357,3D Printing and Additive Manufacturing,https://www.coursera.org/specializations/3d-printing-additive-manufacturing,5
359,Microsoft Azure AI Fundamentals AI-900 Exam Prep,https://www.coursera.org/specializations/microsoft-azure-ai-900-ai-fundamentals,5
362,Agile Leadership,https://www.coursera.org/specializations/agile-leadership-change-management,5
371,Suporte em TI do Google,https://www.coursera.org/professional-certificates/suporte-em-ti-do-google,5
373,Introduction to value based business analytics,https://www.coursera.org/specializations/value-based-business-analytics,5
375,Bases de Inteligencia Artificial para Todos,https://www.coursera.org/professional-certificates/bases-de-inteligencia-artificial-para-todos,5
381,Effective Professional Communication,https://www.coursera.org/specializations/effective-professional-communication,5
387,The Fundamentals of Personal Finance,https://www.coursera.org/specializations/personal-finance-fundamentals,5
393,"Product Ideation, Design, and Management",https://www.coursera.org/specializations/product-ideation-design-and-management,5
399,Recommender Systems,https://www.coursera.org/specializations/recommender-systems,5
400,Sales Operations/Management,https://www.coursera.org/specializations/sales-operations,5
402,Python for Cybersecurity,https://www.coursera.org/specializations/pythonforcybersecurity,5
403,Data Literacy,https://www.coursera.org/specializations/data-literacy,5
404,Virtual Reality,https://www.coursera.org/specializations/virtual-reality,5
407,Modeling and Control of Power Electronics,https://www.coursera.org/specializations/modeling-and-control-of-power-electronics,5
409,Interviewing and Resume Writing in English,https://www.coursera.org/specializations/english-interview-resume,5
423,Business English for Non-Native Speakers,https://www.coursera.org/specializations/business-english-speakers,5
424,Healthcare Marketplace,https://www.coursera.org/specializations/healthcare-marketplace,5
431,"Data Engineering, Big Data and ML on Google Cloud 日本語版",https://www.coursera.org/specializations/gcp-data-machine-learning-jp,5
439,The Teacher and Social and Emotional Learning (SEL),https://www.coursera.org/specializations/teacher-sel,5
440,Requirements Engineering: Secure Software Specifications,https://www.coursera.org/specializations/requirements-engineering-secure-software,5
441,Palliative Care: It's Not Just Hospice Anymore,https://www.coursera.org/specializations/palliative-care,5
445,IT-поддержка Google,https://www.coursera.org/professional-certificates/google-it-ru,5
448,Architecting with Google Compute Engine en Français,https://www.coursera.org/specializations/gcp-architecture-fr,5
457,Strategic Sales Management,https://www.coursera.org/specializations/sales-management-bridging-gap-strategy-sales,5
458,Essentials of Corporate Finance,https://www.coursera.org/specializations/learn-finance,5
462,Privacy and Standardisation,https://www.coursera.org/specializations/privacy,5
466,"Data Engineering, Big Data and ML on Google Cloud en Español",https://www.coursera.org/specializations/gcp-data-machine-learning-es,5
470,Architecting with Google Compute Engine en Español,https://www.coursera.org/specializations/gcp-architecture-es,5
471,Google شهادة تقنية المعلومات من,https://www.coursera.org/professional-certificates/google-it-arabic,5
472,Implementación del Marketing Mix,https://www.coursera.org/specializations/implementacion-marketing-mix,5
492,Teaching Writing,https://www.coursera.org/specializations/teaching-writing,5
497,Newborn Baby Care,https://www.coursera.org/specializations/newborn-baby-care,5
503,Machine Learning with TensorFlow on Google Cloud en Español,https://www.coursera.org/specializations/machine-learning-tensorflow-gcp-es,5
504,Corporate Entrepreneurship: Innovating within Corporations,https://www.coursera.org/specializations/corporate-entrepreneurship,5
516,Architecting with Google Compute Engine em Português,https://www.coursera.org/specializations/gcp-architecture-br,5
520,Academic Skills for University Success,https://www.coursera.org/specializations/academic-skills,5
528,Desarrollo y Diseño de Videojuegos,https://www.coursera.org/specializations/desarrollo-videojuegos,5
530,Data Analysis and Interpretation,https://www.coursera.org/specializations/data-analysis,5
532,Machine Learning with TensorFlow Google Cloud 日本語版,https://www.coursera.org/specializations/machine-learning-tensorflow-gcp-jp,5
533,Effective Communication in the Globalised Workplace,https://www.coursera.org/specializations/effective-communication,5
539,Fundamentos Empresariales,https://www.coursera.org/specializations/wharton-fundamentos-empresariales,5
544,Nursing Informatics Leadership,https://www.coursera.org/specializations/leadership-nursing-informatics,5
554,Valuation and Financial Analysis For Startups,https://www.coursera.org/specializations/startup-valuation,5
555,Value Creation Through Innovation,https://www.coursera.org/specializations/value-creation-innovation,5
560,CertNexus Certified Artificial Intelligence Practitioner,https://www.coursera.org/professional-certificates/certified-artificial-intelligence-practitioner,5
563,Tidyverse Skills for Data Science in R,https://www.coursera.org/specializations/tidyverse-data-science-r,5
574,Representante de desarrollo de ventas de Salesforce,https://www.coursera.org/professional-certificates/desarrollo-ventas-salesforce,5
576,Understanding Modern Finance,https://www.coursera.org/specializations/understanding-modern-finance,5
579,Finance for Everyone,https://www.coursera.org/specializations/finance-for-everyone,5
580,Estrategia de marketing,https://www.coursera.org/specializations/estrategia-de-marketing,5
591,Learn to Teach Java,https://www.coursera.org/specializations/teach-java,5
594,Правовые основы и базы данных в ядерной отрасли,https://www.coursera.org/specializations/nuclear-legal-framework-and-databases,5
601,Google IT Support (Deutsch),https://www.coursera.org/professional-certificates/google-it-de,5
607,Statistical Thermodynamics,https://www.coursera.org/specializations/statistical-thermodynamics-engineering,5
614,First Principles of Computer Vision,https://www.coursera.org/specializations/firstprinciplesofcomputervision,5
615,"Data Engineer, Big Data and ML on Google Cloud em Português",https://www.coursera.org/specializations/gcp-data-machine-learning-br,5
616,"Data Engineer, Big Data and ML on Google Cloud en Français",https://www.coursera.org/specializations/gcp-data-machine-learning-fr,5
617,Strategy and Finance for the lifecycle of a Social Business,https://www.coursera.org/specializations/strategy-and-finance-for-social-business,5
622,Apoio Técnico de TI da Google,https://www.coursera.org/professional-certificates/google-it-pt2,5
623,Machine Learning with TensorFlow on Google Cloud en Français,https://www.coursera.org/specializations/machine-learning-tensorflow-gcp-fr,5
624,Architecting with Google Compute Engine bahasa Indonesia,https://www.coursera.org/specializations/gcp-architecture-bhid,5
626,Machine Learning with TensorFlow on Google Cloud em Português Brasileiro,https://www.coursera.org/specializations/machine-learning-tensorflow-gcp-br,5
629,"Data Engineer, Big Data and ML on Google Cloud auf Deutsch",https://www.coursera.org/specializations/gcp-data-machine-learning,5
631,Architecting with Google Compute Engine auf Deutsch,https://www.coursera.org/specializations/gcp-architecture,5
1,Google Project Management:,https://www.coursera.org/professional-certificates/google-project-management,6
16,Google IT Automation with Python,https://www.coursera.org/professional-certificates/google-it-automation,6
21,IBM Applied AI,https://www.coursera.org/professional-certificates/applied-artifical-intelligence-ibm-watson-ai,6
22,Facebook Social Media Marketing,https://www.coursera.org/professional-certificates/facebook-social-media-marketing,6
23,Business Foundations,https://www.coursera.org/specializations/wharton-business-foundations,6
36,Preparing for Google Cloud Certification: Cloud Engineer,https://www.coursera.org/professional-certificates/cloud-engineering-gcp,6
37,IBM AI Engineering,https://www.coursera.org/professional-certificates/ai-engineer,6
59,(ISC)² Systems Security Certified Practitioner (SSCP),https://www.coursera.org/specializations/sscp-training,6
66,Preparing for Google Cloud Certification: Cloud Data Engineer,https://www.coursera.org/professional-certificates/gcp-data-engineering,6
68,IBM Machine Learning,https://www.coursera.org/professional-certificates/ibm-machine-learning,6
110,Data Structures and Algorithms,https://www.coursera.org/specializations/data-structures-algorithms,6
166,Social Media Marketing,https://www.coursera.org/specializations/social-media-marketing,6
182,An Introduction to Programming the Internet of Things (IOT),https://www.coursera.org/specializations/iot,6
187,User Experience Research and Design,https://www.coursera.org/specializations/michiganux,6
196,Robotics,https://www.coursera.org/specializations/robotics,6
222,Big Data,https://www.coursera.org/specializations/big-data,6
226,Become an EMT,https://www.coursera.org/specializations/become-an-emt,6
229,Foundations of Global Health,https://www.coursera.org/specializations/global-health,6
238,Data Mining,https://www.coursera.org/specializations/data-mining,6
281,Organizational Leadership,https://www.coursera.org/specializations/organizational-leadership,6
315,"Modern Robotics: Mechanics, Planning, and Control",https://www.coursera.org/specializations/modernrobotics,6
322,Systems Biology and Biotechnology,https://www.coursera.org/specializations/systems-biology,6
331,Responsive Website Development and Design,https://www.coursera.org/specializations/website-development,6
332,Preparing for Google Cloud Certification: Cloud Architect Professional Certificate 日本語版,https://www.coursera.org/professional-certificates/gcp-cloud-architect-jp,6
333,Business Technology Management,https://www.coursera.org/specializations/business-technology-managment,6
334,Cloud Computing,https://www.coursera.org/specializations/cloud-computing,6
349,International Business Essentials,https://www.coursera.org/specializations/mba,6
370,IBM AI Enterprise Workflow,https://www.coursera.org/specializations/ibm-ai-workflow,6
420,Preparing for Google Cloud Certification: Cloud Data Engineer Professional Certificate 日本語版,https://www.coursera.org/professional-certificates/gcp-data-engineering-jp,6
422,How to Start Your Own Business,https://www.coursera.org/specializations/start-your-own-business,6
460,Clinical Data Science,https://www.coursera.org/specializations/clinical-data-science,6
465,Preparing for Google Cloud Certification: Cloud Data Engineer Professional Certificate en Español,https://www.coursera.org/specializations/gcp-data-engineer-es,6
469,Preparing for Google Cloud Certification: Cloud Engineer Professional Certificate en Español,https://www.coursera.org/specializations/cloud-engineering-gcp-es,6
485,Marketing en redes sociales de Facebook,https://www.coursera.org/professional-certificates/marketing-en-redes-sociales-de-facebook,6
498,Foundations of Marketing Analytics,https://www.coursera.org/specializations/marketing-analytics,6
529,Diseño y Creación de videojuegos,https://www.coursera.org/specializations/diseno-videojuegos,6
541,International Marketing & Cross Industry Growth,https://www.coursera.org/specializations/international-marketing,6
542,iOS Development for Creative Entrepreneurs,https://www.coursera.org/specializations/ios-development,6
584,CertNexus Certified Ethical Emerging Technologist,https://www.coursera.org/professional-certificates/certified-ethical-emerging-technologist,6
595,Teaching Impacts of Technology in K-12 Education,https://www.coursera.org/specializations/teach-impacts-technology-k12-education,6
598,Computational Thinking & Block Programming in K-12 Education,https://www.coursera.org/specializations/computational-thinking-block-programming-k12-education,6
602,Internet of Things and AI Cloud,https://www.coursera.org/specializations/internet-of-things,6
603,Marketing de Mídias Sociais do Facebook,https://www.coursera.org/professional-certificates/marketing-de-midias-sociais-do-facebook,6
611,التسويق عبر وسائل التواصل الاجتماعي على فيسبوك,https://www.coursera.org/professional-certificates/al-tasweeq-aabr-wasael-al-tawasol-al-ijtimai,6
34,Digital Marketing,https://www.coursera.org/specializations/digital-marketing,7
35,Preparing for Google Cloud Certification: Cloud Architect,https://www.coursera.org/professional-certificates/gcp-cloud-architect,7
44,Preparing for Google Cloud Certification: Cloud Security Engineer,https://www.coursera.org/professional-certificates/google-cloud-security,7
89,Global Procurement and Sourcing,https://www.coursera.org/specializations/procurement-sourcing,7
135,Strategic Leadership and Management,https://www.coursera.org/specializations/strategic-leadership,7
177,Advanced Machine Learning,https://www.coursera.org/specializations/aml,7
211,Innovation: From Creativity to Entrepreneurship,https://www.coursera.org/specializations/innovation-creativity-entrepreneurship,7
246,Financial Management,https://www.coursera.org/specializations/financial-management,7
253,Fundamentals of Computing,https://www.coursera.org/specializations/computer-fundamentals,7
267,Value Chain Management,https://www.coursera.org/specializations/value-chain-management,7
295,Bioinformatics,https://www.coursera.org/specializations/bioinformatics,7
298,Survey Data Collection and Analytics,https://www.coursera.org/specializations/data-collection,7
340,Patient Safety,https://www.coursera.org/specializations/patient-safety,7
410,Value-Based Care,https://www.coursera.org/specializations/value-based-care,7
421,Managerial Economics and Business Analysis,https://www.coursera.org/specializations/managerial-economics-business-analysis,7
587,Global Challenges in Business,https://www.coursera.org/specializations/global-challenges-business,7
593,Getting Started with Google Workspace en Español,https://www.coursera.org/specializations/getting-started-with-google-workspace-es,7
606,English Language Skills A2-B1 CEFR: Low-Intermediate,https://www.coursera.org/specializations/english-a2-b1-low-intermediate,7
628,Getting Started with Google Workspace 日本語版,https://www.coursera.org/specializations/getting-started-with-google-workspace-jp,7
0,Google Data Analytics,https://www.coursera.org/professional-certificates/google-data-analytics,8
12,IBM Data Analytics with Excel and R,https://www.coursera.org/professional-certificates/ibm-data-analyst-r-excel,8
19,IBM Cybersecurity Analyst,https://www.coursera.org/professional-certificates/ibm-cybersecurity-analyst,8
73,Arizona State University TESOL,https://www.coursera.org/professional-certificates/arizona-state-university-tesol,8
82,Genomic Data Science,https://www.coursera.org/specializations/genomic-data-science,8
90,Career Success,https://www.coursera.org/specializations/career-success,8
144,Getting started with Google Workspace,https://www.coursera.org/specializations/getting-started-with-google-workspace,8
156,Interaction Design,https://www.coursera.org/specializations/interaction-design,8
183,Six Sigma Black Belt,https://www.coursera.org/specializations/six-sigma-black-belt,8
259,Analista de Datos de IBM,https://www.coursera.org/professional-certificates/certificado-profesional-analista-de-datos-de-ibm,8
468,Microsoft Azure Data Engineering Associate DP-203 Exam Prep,https://www.coursera.org/specializations/microsoft-azure-dp-203-data-engineering,8
5,IBM Data Analyst,https://www.coursera.org/professional-certificates/ibm-data-analyst,9
47,Data Science,https://www.coursera.org/specializations/jhu-data-science,9
55,Preparing for Google Cloud Certification: Machine Learning Engineer,https://www.coursera.org/professional-certificates/preparing-for-google-cloud-machine-learning-engineer-professional-certificate,9
225,Ciencia de Datos de IBM,https://www.coursera.org/professional-certificates/certificado-profesional-de-ciencia-de-datos-de-ibm,9
378,Digital Manufacturing & Design Technology,https://www.coursera.org/specializations/digital-manufacturing-design-technology,9
2,IBM Data Science,https://www.coursera.org/professional-certificates/ibm-data-science,10
18,IBM Full Stack Cloud Developer,https://www.coursera.org/professional-certificates/ibm-full-stack-cloud-developer,10
341,Éxito Profesional,https://www.coursera.org/specializations/exito-profesional,10
11,IBM Data Engineering,https://www.coursera.org/professional-certificates/ibm-data-engineer,13
40,UCI Project Management,https://www.coursera.org/professional-certificate/applied-project-management,N/A
522,Managing Innovation and Design Thinking,https://www.coursera.org/browse/business/leadership-and-management,N/A
